ORIGINAL,uri
Allmendinger family.,/agents/families/1
Arnold family.,/agents/families/2
Bach family.,/agents/families/3
Bingham family.,/agents/families/4
Bird family.,/agents/families/5
Birney Family,/agents/families/6
Blair family.,/agents/families/7
Blanchard family.,/agents/families/8
Blodgett family.,/agents/families/9
Borman family.,/agents/families/10
Boyd family.,/agents/families/11
Brecken family.,/agents/families/12
Brown family.,/agents/families/13
Buckbee Family,/agents/families/14
Buck family.,/agents/families/15
Buell family.,/agents/families/16
Burrows family,/agents/families/17
Campbell family.,/agents/families/18
Carlisle family.,/agents/families/19
Carr family.,/agents/families/20
Cavanagh Family,/agents/families/21
Chapin family,/agents/families/22
Chipman family,/agents/families/23
Clarke family,/agents/families/24
